from,to,r,x,b,tap
1,2,0.0303,0.0999,0.0254,0
1,3,0.0129,0.0424,0.01082,0
4,5,0.00176,0.00798,0.0021,0
3,5,0.0241,0.108,0.0284,0
5,6,0.0119,0.054,0.01426,0
6,7,0.00459,0.0208,0.0055,0
8,9,0.00244,0.0305,1.162,0
8,5,0,0.0267,0,0.985
9,10,0.00258,0.0322,1.23,0
4,11,0.0209,0.0688,0.01748,0
5,11,0.0203,0.0682,0.01738,0
11,12,0.00595,0.0196,0.00502,0
2,12,0.0187,0.0616,0.01572,0
3,12,0.0484,0.16,0.0406,0
7,12,0.00862,0.034,0.00874,0
11,13,0.02225,0.0731,0.01876,0
12,14,0.0215,0.0707,0.01816,0
13,15,0.0744,0.2444,0.06268,0
14,15,0.0595,0.195,0.0502,0
12,16,0.0212,0.0834,0.0214,0
15,17,0.0132,0.0437,0.0444,0
16,17,0.0454,0.1801,0.0466,0
17,18,0.0123,0.0505,0.01298,0
18,19,0.01119,0.0493,0.01142,0
19,20,0.0252,0.117,0.0298,0
15,19,0.012,0.0394,0.0101,0
20,21,0.0183,0.0849,0.0216,0
21,22,0.0209,0.097,0.0246,0
22,23,0.0342,0.159,0.0404,0
23,24,0.0135,0.0492,0.0498,0
23,25,0.0156,0.08,0.0864,0
26,25,0,0.0382,0,0.96
25,27,0.0318,0.163,0.1764,0
27,28,0.01913,0.0855,0.0216,0
28,29,0.0237,0.0943,0.0238,0
30,17,0,0.0388,0,0.96
8,30,0.00431,0.0504,0.514,0
26,30,0.00799,0.086,0.908,0
17,31,0.0474,0.1563,0.0399,0
29,31,0.0108,0.0331,0.0083,0
23,32,0.0317,0.1153,0.1173,0
31,32,0.0298,0.0985,0.0251,0
27,32,0.0229,0.0755,0.01926,0
15,33,0.038,0.1244,0.03194,0
19,34,0.0752,0.247,0.0632,0
35,36,0.00224,0.0102,0.00268,0
35,37,0.011,0.0497,0.01318,0
33,37,0.0415,0.142,0.0366,0
34,36,0.00871,0.0268,0.00568,0
34,37,0.00256,0.0094,0.00984,0
38,37,0,0.0375,0,0.935
37,39,0.0321,0.106,0.027,0
37,40,0.0593,0.168,0.042,0
30,38,0.00464,0.054,0.422,0
39,40,0.0184,0.0605,0.01552,0
40,41,0.0145,0.0487,0.01222,0
40,42,0.0555,0.183,0.0466,0
41,42,0.041,0.135,0.0344,0
43,44,0.0608,0.2454,0.06068,0
34,43,0.0413,0.1681,0.04226,0
44,45,0.0224,0.0901,0.0224,0
45,46,0.04,0.1356,0.0332,0
46,47,0.038,0.127,0.0316,0
46,48,0.0601,0.189,0.0472,0
47,49,0.0191,0.0625,0.01604,0
42,49,0.0715,0.323,0.086,0
42,49,0.0715,0.323,0.086,0
45,49,0.0684,0.186,0.0444,0
48,49,0.0179,0.0505,0.01258,0
49,50,0.0267,0.0752,0.01874,0
49,51,0.0486,0.137,0.0342,0
51,52,0.0203,0.0588,0.01396,0
52,53,0.0405,0.1635,0.04058,0
53,54,0.0263,0.122,0.031,0
49,54,0.073,0.289,0.0738,0
49,54,0.0869,0.291,0.073,0
54,55,0.0169,0.0707,0.0202,0
54,56,0.00275,0.00955,0.00732,0
55,56,0.00488,0.0151,0.00374,0
56,57,0.0343,0.0966,0.0242,0
50,57,0.0474,0.134,0.0332,0
56,58,0.0343,0.0966,0.0242,0
51,58,0.0255,0.0719,0.01788,0
54,59,0.0503,0.2293,0.0598,0
56,59,0.0825,0.251,0.0569,0
56,59,0.0803,0.239,0.0536,0
55,59,0.04739,0.2158,0.05646,0
59,60,0.0317,0.145,0.0376,0
59,61,0.0328,0.15,0.0388,0
60,61,0.00264,0.0135,0.01456,0
60,62,0.0123,0.0561,0.01468,0
61,62,0.00824,0.0376,0.0098,0
63,59,0,0.0386,0,0.96
63,64,0.00172,0.02,0.216,0
64,61,0,0.0268,0,0.985
38,65,0.00901,0.0986,1.046,0
64,65,0.00269,0.0302,0.38,0
49,66,0.018,0.0919,0.0248,0
49,66,0.018,0.0919,0.0248,0
62,66,0.0482,0.218,0.0578,0
62,67,0.0258,0.117,0.031,0
65,66,0,0.037,0,0.935
66,67,0.0224,0.1015,0.02682,0
65,68,0.00138,0.016,0.638,0
47,69,0.0844,0.2778,0.07092,0
49,69,0.0985,0.324,0.0828,0
68,69,0,0.037,0,0.935
69,70,0.03,0.127,0.122,0
24,70,0.00221,0.4115,0.10198,0
70,71,0.00882,0.0355,0.00878,0
24,72,0.0488,0.196,0.0488,0
71,72,0.0446,0.18,0.04444,0
71,73,0.00866,0.0454,0.01178,0
70,74,0.0401,0.1323,0.03368,0
70,75,0.0428,0.141,0.036,0
69,75,0.0405,0.122,0.124,0
74,75,0.0123,0.0406,0.01034,0
76,77,0.0444,0.148,0.0368,0
69,77,0.0309,0.101,0.1038,0
75,77,0.0601,0.1999,0.04978,0
77,78,0.00376,0.0124,0.01264,0
78,79,0.00546,0.0244,0.00648,0
77,80,0.017,0.0485,0.0472,0
77,80,0.0294,0.105,0.0228,0
79,80,0.0156,0.0704,0.0187,0
68,81,0.00175,0.0202,0.808,0
81,80,0,0.037,0,0.935
77,82,0.0298,0.0853,0.08174,0
82,83,0.0112,0.03665,0.03796,0
83,84,0.0625,0.132,0.0258,0
83,85,0.043,0.148,0.0348,0
84,85,0.0302,0.0641,0.01234,0
85,86,0.035,0.123,0.0276,0
86,87,0.02828,0.2074,0.0445,1
85,88,0.02,0.102,0.0276,0
85,89,0.0239,0.173,0.047,0
88,89,0.0139,0.0712,0.01934,0
89,90,0.0518,0.188,0.0528,0
89,90,0.0238,0.0997,0.106,0
90,91,0.0254,0.0836,0.0214,0
89,92,0.0099,0.0505,0.0548,0
89,92,0.0393,0.1581,0.0414,0
91,92,0.0387,0.1272,0.03268,0
92,93,0.0258,0.0848,0.0218,0
92,94,0.0481,0.158,0.0406,0
93,94,0.0223,0.0732,0.01876,0
94,95,0.0132,0.0434,0.0111,0
80,96,0.0356,0.182,0.0494,0
82,96,0.0162,0.053,0.0544,0
94,96,0.0269,0.0869,0.023,0
80,97,0.0183,0.0934,0.0254,0
80,98,0.0238,0.108,0.0286,0
80,99,0.0454,0.206,0.0546,0
92,100,0.0648,0.295,0.0472,0
94,100,0.0178,0.058,0.0604,0
95,96,0.0171,0.0547,0.01474,0
96,97,0.0173,0.0885,0.024,0
98,100,0.0397,0.179,0.0476,0
99,100,0.018,0.0813,0.0216,0
100,101,0.0277,0.1262,0.0328,0
92,102,0.0123,0.0559,0.01464,0
101,102,0.0246,0.112,0.0294,0
100,103,0.016,0.0525,0.0536,0
100,104,0.0451,0.204,0.0541,0
103,104,0.0466,0.1584,0.0407,0
103,105,0.0535,0.1625,0.0408,0
100,106,0.0605,0.229,0.062,0
104,105,0.00994,0.0378,0.00986,0
105,106,0.014,0.0547,0.01434,0
105,107,0.053,0.183,0.0472,0
105,108,0.0261,0.0703,0.01844,0
106,107,0.053,0.183,0.0472,0
108,109,0.0105,0.0288,0.0076,0
103,110,0.03906,0.1813,0.0461,0
109,110,0.0278,0.0762,0.0202,0
110,111,0.022,0.0755,0.02,0
110,112,0.0247,0.064,0.062,0
17,113,0.00913,0.0301,0.00768,0
32,113,0.0615,0.203,0.0518,0
32,114,0.0135,0.0612,0.01628,0
27,115,0.0164,0.0741,0.01972,0
114,115,0.0023,0.0104,0.00276,0
68,116,0.00034,0.00405,0.164,1
12,117,0.0329,0.14,0.0358,0
75,118,0.0145,0.0481,0.01198,0
76,118,0.0164,0.0544,0.01356,0
119,120,0.0303,0.0999,0.0254,0
119,121,0.0129,0.0424,0.01082,0
122,123,0.00176,0.00798,0.0021,0
121,123,0.0241,0.108,0.0284,0
123,124,0.0119,0.054,0.01426,0
124,125,0.00459,0.0208,0.0055,0
126,127,0.00244,0.0305,1.162,0
126,123,0,0.0267,0,0.985
127,128,0.00258,0.0322,1.23,0
122,129,0.0209,0.0688,0.01748,0
123,129,0.0203,0.0682,0.01738,0
129,130,0.00595,0.0196,0.00502,0
120,130,0.0187,0.0616,0.01572,0
121,130,0.0484,0.16,0.0406,0
125,130,0.00862,0.034,0.00874,0
129,131,0.02225,0.0731,0.01876,0
130,132,0.0215,0.0707,0.01816,0
131,133,0.0744,0.2444,0.06268,0
132,133,0.0595,0.195,0.0502,0
130,134,0.0212,0.0834,0.0214,0
133,135,0.0132,0.0437,0.0444,0
134,135,0.0454,0.1801,0.0466,0
135,136,0.0123,0.0505,0.01298,0
136,137,0.01119,0.0493,0.01142,0
137,138,0.0252,0.117,0.0298,0
133,137,0.012,0.0394,0.0101,0
138,139,0.0183,0.0849,0.0216,0
139,140,0.0209,0.097,0.0246,0
140,141,0.0342,0.159,0.0404,0
141,142,0.0135,0.0492,0.0498,0
141,143,0.0156,0.08,0.0864,0
144,143,0,0.0382,0,0.96
143,145,0.0318,0.163,0.1764,0
145,146,0.01913,0.0855,0.0216,0
146,147,0.0237,0.0943,0.0238,0
148,135,0,0.0388,0,0.96
126,148,0.00431,0.0504,0.514,0
144,148,0.00799,0.086,0.908,0
135,149,0.0474,0.1563,0.0399,0
147,149,0.0108,0.0331,0.0083,0
141,150,0.0317,0.1153,0.1173,0
149,150,0.0298,0.0985,0.0251,0
145,150,0.0229,0.0755,0.01926,0
133,151,0.038,0.1244,0.03194,0
137,152,0.0752,0.247,0.0632,0
153,154,0.00224,0.0102,0.00268,0
153,155,0.011,0.0497,0.01318,0
151,155,0.0415,0.142,0.0366,0
152,154,0.00871,0.0268,0.00568,0
152,155,0.00256,0.0094,0.00984,0
156,155,0,0.0375,0,0.935
155,157,0.0321,0.106,0.027,0
155,158,0.0593,0.168,0.042,0
148,156,0.00464,0.054,0.422,0
157,158,0.0184,0.0605,0.01552,0
158,159,0.0145,0.0487,0.01222,0
158,160,0.0555,0.183,0.0466,0
159,160,0.041,0.135,0.0344,0
161,162,0.0608,0.2454,0.06068,0
152,161,0.0413,0.1681,0.04226,0
162,163,0.0224,0.0901,0.0224,0
163,164,0.04,0.1356,0.0332,0
164,165,0.038,0.127,0.0316,0
164,166,0.0601,0.189,0.0472,0
165,167,0.0191,0.0625,0.01604,0
160,167,0.0715,0.323,0.086,0
160,167,0.0715,0.323,0.086,0
163,167,0.0684,0.186,0.0444,0
166,167,0.0179,0.0505,0.01258,0
167,168,0.0267,0.0752,0.01874,0
167,169,0.0486,0.137,0.0342,0
169,170,0.0203,0.0588,0.01396,0
170,171,0.0405,0.1635,0.04058,0
171,172,0.0263,0.122,0.031,0
167,172,0.073,0.289,0.0738,0
167,172,0.0869,0.291,0.073,0
172,173,0.0169,0.0707,0.0202,0
172,174,0.00275,0.00955,0.00732,0
173,174,0.00488,0.0151,0.00374,0
174,175,0.0343,0.0966,0.0242,0
168,175,0.0474,0.134,0.0332,0
174,176,0.0343,0.0966,0.0242,0
169,176,0.0255,0.0719,0.01788,0
172,177,0.0503,0.2293,0.0598,0
174,177,0.0825,0.251,0.0569,0
174,177,0.0803,0.239,0.0536,0
173,177,0.04739,0.2158,0.05646,0
177,178,0.0317,0.145,0.0376,0
177,179,0.0328,0.15,0.0388,0
178,179,0.00264,0.0135,0.01456,0
178,180,0.0123,0.0561,0.01468,0
179,180,0.00824,0.0376,0.0098,0
181,177,0,0.0386,0,0.96
181,182,0.00172,0.02,0.216,0
182,179,0,0.0268,0,0.985
156,183,0.00901,0.0986,1.046,0
182,183,0.00269,0.0302,0.38,0
167,184,0.018,0.0919,0.0248,0
167,184,0.018,0.0919,0.0248,0
180,184,0.0482,0.218,0.0578,0
180,185,0.0258,0.117,0.031,0
183,184,0,0.037,0,0.935
184,185,0.0224,0.1015,0.02682,0
183,186,0.00138,0.016,0.638,0
165,187,0.0844,0.2778,0.07092,0
167,187,0.0985,0.324,0.0828,0
186,187,0,0.037,0,0.935
187,188,0.03,0.127,0.122,0
142,188,0.00221,0.4115,0.10198,0
188,189,0.00882,0.0355,0.00878,0
142,190,0.0488,0.196,0.0488,0
189,190,0.0446,0.18,0.04444,0
189,191,0.00866,0.0454,0.01178,0
188,192,0.0401,0.1323,0.03368,0
188,193,0.0428,0.141,0.036,0
187,193,0.0405,0.122,0.124,0
192,193,0.0123,0.0406,0.01034,0
194,195,0.0444,0.148,0.0368,0
187,195,0.0309,0.101,0.1038,0
193,195,0.0601,0.1999,0.04978,0
195,196,0.00376,0.0124,0.01264,0
196,197,0.00546,0.0244,0.00648,0
195,198,0.017,0.0485,0.0472,0
195,198,0.0294,0.105,0.0228,0
197,198,0.0156,0.0704,0.0187,0
186,199,0.00175,0.0202,0.808,0
199,198,0,0.037,0,0.935
195,200,0.0298,0.0853,0.08174,0
200,201,0.0112,0.03665,0.03796,0
201,202,0.0625,0.132,0.0258,0
201,203,0.043,0.148,0.0348,0
202,203,0.0302,0.0641,0.01234,0
203,204,0.035,0.123,0.0276,0
204,205,0.02828,0.2074,0.0445,1
203,206,0.02,0.102,0.0276,0
203,207,0.0239,0.173,0.047,0
206,207,0.0139,0.0712,0.01934,0
207,208,0.0518,0.188,0.0528,0
207,208,0.0238,0.0997,0.106,0
208,209,0.0254,0.0836,0.0214,0
207,210,0.0099,0.0505,0.0548,0
207,210,0.0393,0.1581,0.0414,0
209,210,0.0387,0.1272,0.03268,0
210,211,0.0258,0.0848,0.0218,0
210,212,0.0481,0.158,0.0406,0
211,212,0.0223,0.0732,0.01876,0
212,213,0.0132,0.0434,0.0111,0
198,214,0.0356,0.182,0.0494,0
200,214,0.0162,0.053,0.0544,0
212,214,0.0269,0.0869,0.023,0
198,215,0.0183,0.0934,0.0254,0
198,216,0.0238,0.108,0.0286,0
198,217,0.0454,0.206,0.0546,0
210,218,0.0648,0.295,0.0472,0
212,218,0.0178,0.058,0.0604,0
213,214,0.0171,0.0547,0.01474,0
214,215,0.0173,0.0885,0.024,0
216,218,0.0397,0.179,0.0476,0
217,218,0.018,0.0813,0.0216,0
218,219,0.0277,0.1262,0.0328,0
210,220,0.0123,0.0559,0.01464,0
219,220,0.0246,0.112,0.0294,0
218,221,0.016,0.0525,0.0536,0
218,222,0.0451,0.204,0.0541,0
221,222,0.0466,0.1584,0.0407,0
221,223,0.0535,0.1625,0.0408,0
218,224,0.0605,0.229,0.062,0
222,223,0.00994,0.0378,0.00986,0
223,224,0.014,0.0547,0.01434,0
223,225,0.053,0.183,0.0472,0
223,226,0.0261,0.0703,0.01844,0
224,225,0.053,0.183,0.0472,0
226,227,0.0105,0.0288,0.0076,0
221,228,0.03906,0.1813,0.0461,0
227,228,0.0278,0.0762,0.0202,0
228,229,0.022,0.0755,0.02,0
228,230,0.0247,0.064,0.062,0
135,231,0.00913,0.0301,0.00768,0
150,231,0.0615,0.203,0.0518,0
150,232,0.0135,0.0612,0.01628,0
145,233,0.0164,0.0741,0.01972,0
232,233,0.0023,0.0104,0.00276,0
186,234,0.00034,0.00405,0.164,1
130,235,0.0329,0.14,0.0358,0
193,236,0.0145,0.0481,0.01198,0
194,236,0.0164,0.0544,0.01356,0
237,238,0.0303,0.0999,0.0254,0
237,239,0.0129,0.0424,0.01082,0
240,241,0.00176,0.00798,0.0021,0
239,241,0.0241,0.108,0.0284,0
241,242,0.0119,0.054,0.01426,0
242,243,0.00459,0.0208,0.0055,0
244,245,0.00244,0.0305,1.162,0
244,241,0,0.0267,0,0.985
245,246,0.00258,0.0322,1.23,0
240,247,0.0209,0.0688,0.01748,0
241,247,0.0203,0.0682,0.01738,0
247,248,0.00595,0.0196,0.00502,0
238,248,0.0187,0.0616,0.01572,0
239,248,0.0484,0.16,0.0406,0
243,248,0.00862,0.034,0.00874,0
247,249,0.02225,0.0731,0.01876,0
248,250,0.0215,0.0707,0.01816,0
249,251,0.0744,0.2444,0.06268,0
250,251,0.0595,0.195,0.0502,0
248,252,0.0212,0.0834,0.0214,0
251,253,0.0132,0.0437,0.0444,0
252,253,0.0454,0.1801,0.0466,0
253,254,0.0123,0.0505,0.01298,0
254,255,0.01119,0.0493,0.01142,0
255,256,0.0252,0.117,0.0298,0
251,255,0.012,0.0394,0.0101,0
256,257,0.0183,0.0849,0.0216,0
257,258,0.0209,0.097,0.0246,0
258,259,0.0342,0.159,0.0404,0
259,260,0.0135,0.0492,0.0498,0
259,261,0.0156,0.08,0.0864,0
262,261,0,0.0382,0,0.96
261,263,0.0318,0.163,0.1764,0
263,264,0.01913,0.0855,0.0216,0
264,265,0.0237,0.0943,0.0238,0
266,253,0,0.0388,0,0.96
244,266,0.00431,0.0504,0.514,0
262,266,0.00799,0.086,0.908,0
253,267,0.0474,0.1563,0.0399,0
265,267,0.0108,0.0331,0.0083,0
259,268,0.0317,0.1153,0.1173,0
267,268,0.0298,0.0985,0.0251,0
263,268,0.0229,0.0755,0.01926,0
251,269,0.038,0.1244,0.03194,0
255,270,0.0752,0.247,0.0632,0
271,272,0.00224,0.0102,0.00268,0
271,273,0.011,0.0497,0.01318,0
269,273,0.0415,0.142,0.0366,0
270,272,0.00871,0.0268,0.00568,0
270,273,0.00256,0.0094,0.00984,0
274,273,0,0.0375,0,0.935
273,275,0.0321,0.106,0.027,0
273,276,0.0593,0.168,0.042,0
266,274,0.00464,0.054,0.422,0
275,276,0.0184,0.0605,0.01552,0
276,277,0.0145,0.0487,0.01222,0
276,278,0.0555,0.183,0.0466,0
277,278,0.041,0.135,0.0344,0
279,280,0.0608,0.2454,0.06068,0
270,279,0.0413,0.1681,0.04226,0
280,281,0.0224,0.0901,0.0224,0
281,282,0.04,0.1356,0.0332,0
282,283,0.038,0.127,0.0316,0
282,284,0.0601,0.189,0.0472,0
283,285,0.0191,0.0625,0.01604,0
278,285,0.0715,0.323,0.086,0
278,285,0.0715,0.323,0.086,0
281,285,0.0684,0.186,0.0444,0
284,285,0.0179,0.0505,0.01258,0
285,286,0.0267,0.0752,0.01874,0
285,287,0.0486,0.137,0.0342,0
287,288,0.0203,0.0588,0.01396,0
288,289,0.0405,0.1635,0.04058,0
289,290,0.0263,0.122,0.031,0
285,290,0.073,0.289,0.0738,0
285,290,0.0869,0.291,0.073,0
290,291,0.0169,0.0707,0.0202,0
290,292,0.00275,0.00955,0.00732,0
291,292,0.00488,0.0151,0.00374,0
292,293,0.0343,0.0966,0.0242,0
286,293,0.0474,0.134,0.0332,0
292,294,0.0343,0.0966,0.0242,0
287,294,0.0255,0.0719,0.01788,0
290,295,0.0503,0.2293,0.0598,0
292,295,0.0825,0.251,0.0569,0
292,295,0.0803,0.239,0.0536,0
291,295,0.04739,0.2158,0.05646,0
295,296,0.0317,0.145,0.0376,0
295,297,0.0328,0.15,0.0388,0
296,297,0.00264,0.0135,0.01456,0
296,298,0.0123,0.0561,0.01468,0
297,298,0.00824,0.0376,0.0098,0
299,295,0,0.0386,0,0.96
299,300,0.00172,0.02,0.216,0
300,297,0,0.0268,0,0.985
274,301,0.00901,0.0986,1.046,0
300,301,0.00269,0.0302,0.38,0
285,302,0.018,0.0919,0.0248,0
285,302,0.018,0.0919,0.0248,0
298,302,0.0482,0.218,0.0578,0
298,303,0.0258,0.117,0.031,0
301,302,0,0.037,0,0.935
302,303,0.0224,0.1015,0.02682,0
301,304,0.00138,0.016,0.638,0
283,305,0.0844,0.2778,0.07092,0
285,305,0.0985,0.324,0.0828,0
304,305,0,0.037,0,0.935
305,306,0.03,0.127,0.122,0
260,306,0.00221,0.4115,0.10198,0
306,307,0.00882,0.0355,0.00878,0
260,308,0.0488,0.196,0.0488,0
307,308,0.0446,0.18,0.04444,0
307,309,0.00866,0.0454,0.01178,0
306,310,0.0401,0.1323,0.03368,0
306,311,0.0428,0.141,0.036,0
305,311,0.0405,0.122,0.124,0
310,311,0.0123,0.0406,0.01034,0
312,313,0.0444,0.148,0.0368,0
305,313,0.0309,0.101,0.1038,0
311,313,0.0601,0.1999,0.04978,0
313,314,0.00376,0.0124,0.01264,0
314,315,0.00546,0.0244,0.00648,0
313,316,0.017,0.0485,0.0472,0
313,316,0.0294,0.105,0.0228,0
315,316,0.0156,0.0704,0.0187,0
304,317,0.00175,0.0202,0.808,0
317,316,0,0.037,0,0.935
313,318,0.0298,0.0853,0.08174,0
318,319,0.0112,0.03665,0.03796,0
319,320,0.0625,0.132,0.0258,0
319,321,0.043,0.148,0.0348,0
320,321,0.0302,0.0641,0.01234,0
321,322,0.035,0.123,0.0276,0
322,323,0.02828,0.2074,0.0445,1
321,324,0.02,0.102,0.0276,0
321,325,0.0239,0.173,0.047,0
324,325,0.0139,0.0712,0.01934,0
325,326,0.0518,0.188,0.0528,0
325,326,0.0238,0.0997,0.106,0
326,327,0.0254,0.0836,0.0214,0
325,328,0.0099,0.0505,0.0548,0
325,328,0.0393,0.1581,0.0414,0
327,328,0.0387,0.1272,0.03268,0
328,329,0.0258,0.0848,0.0218,0
328,330,0.0481,0.158,0.0406,0
329,330,0.0223,0.0732,0.01876,0
330,331,0.0132,0.0434,0.0111,0
316,332,0.0356,0.182,0.0494,0
318,332,0.0162,0.053,0.0544,0
330,332,0.0269,0.0869,0.023,0
316,333,0.0183,0.0934,0.0254,0
316,334,0.0238,0.108,0.0286,0
316,335,0.0454,0.206,0.0546,0
328,336,0.0648,0.295,0.0472,0
330,336,0.0178,0.058,0.0604,0
331,332,0.0171,0.0547,0.01474,0
332,333,0.0173,0.0885,0.024,0
334,336,0.0397,0.179,0.0476,0
335,336,0.018,0.0813,0.0216,0
336,337,0.0277,0.1262,0.0328,0
328,338,0.0123,0.0559,0.01464,0
337,338,0.0246,0.112,0.0294,0
336,339,0.016,0.0525,0.0536,0
336,340,0.0451,0.204,0.0541,0
339,340,0.0466,0.1584,0.0407,0
339,341,0.0535,0.1625,0.0408,0
336,342,0.0605,0.229,0.062,0
340,341,0.00994,0.0378,0.00986,0
341,342,0.014,0.0547,0.01434,0
341,343,0.053,0.183,0.0472,0
341,344,0.0261,0.0703,0.01844,0
342,343,0.053,0.183,0.0472,0
344,345,0.0105,0.0288,0.0076,0
339,346,0.03906,0.1813,0.0461,0
345,346,0.0278,0.0762,0.0202,0
346,347,0.022,0.0755,0.02,0
346,348,0.0247,0.064,0.062,0
253,349,0.00913,0.0301,0.00768,0
268,349,0.0615,0.203,0.0518,0
268,350,0.0135,0.0612,0.01628,0
263,351,0.0164,0.0741,0.01972,0
350,351,0.0023,0.0104,0.00276,0
304,352,0.00034,0.00405,0.164,1
248,353,0.0329,0.14,0.0358,0
311,354,0.0145,0.0481,0.01198,0
312,354,0.0164,0.0544,0.01356,0
355,356,0.0303,0.0999,0.0254,0
355,357,0.0129,0.0424,0.01082,0
358,359,0.00176,0.00798,0.0021,0
357,359,0.0241,0.108,0.0284,0
359,360,0.0119,0.054,0.01426,0
360,361,0.00459,0.0208,0.0055,0
362,363,0.00244,0.0305,1.162,0
362,359,0,0.0267,0,0.985
363,364,0.00258,0.0322,1.23,0
358,365,0.0209,0.0688,0.01748,0
359,365,0.0203,0.0682,0.01738,0
365,366,0.00595,0.0196,0.00502,0
356,366,0.0187,0.0616,0.01572,0
357,366,0.0484,0.16,0.0406,0
361,366,0.00862,0.034,0.00874,0
365,367,0.02225,0.0731,0.01876,0
366,368,0.0215,0.0707,0.01816,0
367,369,0.0744,0.2444,0.06268,0
368,369,0.0595,0.195,0.0502,0
366,370,0.0212,0.0834,0.0214,0
369,371,0.0132,0.0437,0.0444,0
370,371,0.0454,0.1801,0.0466,0
371,372,0.0123,0.0505,0.01298,0
372,373,0.01119,0.0493,0.01142,0
373,374,0.0252,0.117,0.0298,0
369,373,0.012,0.0394,0.0101,0
374,375,0.0183,0.0849,0.0216,0
375,376,0.0209,0.097,0.0246,0
376,377,0.0342,0.159,0.0404,0
377,378,0.0135,0.0492,0.0498,0
377,379,0.0156,0.08,0.0864,0
380,379,0,0.0382,0,0.96
379,381,0.0318,0.163,0.1764,0
381,382,0.01913,0.0855,0.0216,0
382,383,0.0237,0.0943,0.0238,0
384,371,0,0.0388,0,0.96
362,384,0.00431,0.0504,0.514,0
380,384,0.00799,0.086,0.908,0
371,385,0.0474,0.1563,0.0399,0
383,385,0.0108,0.0331,0.0083,0
377,386,0.0317,0.1153,0.1173,0
385,386,0.0298,0.0985,0.0251,0
381,386,0.0229,0.0755,0.01926,0
369,387,0.038,0.1244,0.03194,0
373,388,0.0752,0.247,0.0632,0
389,390,0.00224,0.0102,0.00268,0
389,391,0.011,0.0497,0.01318,0
387,391,0.0415,0.142,0.0366,0
388,390,0.00871,0.0268,0.00568,0
388,391,0.00256,0.0094,0.00984,0
392,391,0,0.0375,0,0.935
391,393,0.0321,0.106,0.027,0
391,394,0.0593,0.168,0.042,0
384,392,0.00464,0.054,0.422,0
393,394,0.0184,0.0605,0.01552,0
394,395,0.0145,0.0487,0.01222,0
394,396,0.0555,0.183,0.0466,0
395,396,0.041,0.135,0.0344,0
397,398,0.0608,0.2454,0.06068,0
388,397,0.0413,0.1681,0.04226,0
398,399,0.0224,0.0901,0.0224,0
399,400,0.04,0.1356,0.0332,0
400,401,0.038,0.127,0.0316,0
400,402,0.0601,0.189,0.0472,0
401,403,0.0191,0.0625,0.01604,0
396,403,0.0715,0.323,0.086,0
396,403,0.0715,0.323,0.086,0
399,403,0.0684,0.186,0.0444,0
402,403,0.0179,0.0505,0.01258,0
403,404,0.0267,0.0752,0.01874,0
403,405,0.0486,0.137,0.0342,0
405,406,0.0203,0.0588,0.01396,0
406,407,0.0405,0.1635,0.04058,0
407,408,0.0263,0.122,0.031,0
403,408,0.073,0.289,0.0738,0
403,408,0.0869,0.291,0.073,0
408,409,0.0169,0.0707,0.0202,0
408,410,0.00275,0.00955,0.00732,0
409,410,0.00488,0.0151,0.00374,0
410,411,0.0343,0.0966,0.0242,0
404,411,0.0474,0.134,0.0332,0
410,412,0.0343,0.0966,0.0242,0
405,412,0.0255,0.0719,0.01788,0
408,413,0.0503,0.2293,0.0598,0
410,413,0.0825,0.251,0.0569,0
410,413,0.0803,0.239,0.0536,0
409,413,0.04739,0.2158,0.05646,0
413,414,0.0317,0.145,0.0376,0
413,415,0.0328,0.15,0.0388,0
414,415,0.00264,0.0135,0.01456,0
414,416,0.0123,0.0561,0.01468,0
415,416,0.00824,0.0376,0.0098,0
417,413,0,0.0386,0,0.96
417,418,0.00172,0.02,0.216,0
418,415,0,0.0268,0,0.985
392,419,0.00901,0.0986,1.046,0
418,419,0.00269,0.0302,0.38,0
403,420,0.018,0.0919,0.0248,0
403,420,0.018,0.0919,0.0248,0
416,420,0.0482,0.218,0.0578,0
416,421,0.0258,0.117,0.031,0
419,420,0,0.037,0,0.935
420,421,0.0224,0.1015,0.02682,0
419,422,0.00138,0.016,0.638,0
401,423,0.0844,0.2778,0.07092,0
403,423,0.0985,0.324,0.0828,0
422,423,0,0.037,0,0.935
423,424,0.03,0.127,0.122,0
378,424,0.00221,0.4115,0.10198,0
424,425,0.00882,0.0355,0.00878,0
378,426,0.0488,0.196,0.0488,0
425,426,0.0446,0.18,0.04444,0
425,427,0.00866,0.0454,0.01178,0
424,428,0.0401,0.1323,0.03368,0
424,429,0.0428,0.141,0.036,0
423,429,0.0405,0.122,0.124,0
428,429,0.0123,0.0406,0.01034,0
430,431,0.0444,0.148,0.0368,0
423,431,0.0309,0.101,0.1038,0
429,431,0.0601,0.1999,0.04978,0
431,432,0.00376,0.0124,0.01264,0
432,433,0.00546,0.0244,0.00648,0
431,434,0.017,0.0485,0.0472,0
431,434,0.0294,0.105,0.0228,0
433,434,0.0156,0.0704,0.0187,0
422,435,0.00175,0.0202,0.808,0
435,434,0,0.037,0,0.935
431,436,0.0298,0.0853,0.08174,0
436,437,0.0112,0.03665,0.03796,0
437,438,0.0625,0.132,0.0258,0
437,439,0.043,0.148,0.0348,0
438,439,0.0302,0.0641,0.01234,0
439,440,0.035,0.123,0.0276,0
440,441,0.02828,0.2074,0.0445,1
439,442,0.02,0.102,0.0276,0
439,443,0.0239,0.173,0.047,0
442,443,0.0139,0.0712,0.01934,0
443,444,0.0518,0.188,0.0528,0
443,444,0.0238,0.0997,0.106,0
444,445,0.0254,0.0836,0.0214,0
443,446,0.0099,0.0505,0.0548,0
443,446,0.0393,0.1581,0.0414,0
445,446,0.0387,0.1272,0.03268,0
446,447,0.0258,0.0848,0.0218,0
446,448,0.0481,0.158,0.0406,0
447,448,0.0223,0.0732,0.01876,0
448,449,0.0132,0.0434,0.0111,0
434,450,0.0356,0.182,0.0494,0
436,450,0.0162,0.053,0.0544,0
448,450,0.0269,0.0869,0.023,0
434,451,0.0183,0.0934,0.0254,0
434,452,0.0238,0.108,0.0286,0
434,453,0.0454,0.206,0.0546,0
446,454,0.0648,0.295,0.0472,0
448,454,0.0178,0.058,0.0604,0
449,450,0.0171,0.0547,0.01474,0
450,451,0.0173,0.0885,0.024,0
452,454,0.0397,0.179,0.0476,0
453,454,0.018,0.0813,0.0216,0
454,455,0.0277,0.1262,0.0328,0
446,456,0.0123,0.0559,0.01464,0
455,456,0.0246,0.112,0.0294,0
454,457,0.016,0.0525,0.0536,0
454,458,0.0451,0.204,0.0541,0
457,458,0.0466,0.1584,0.0407,0
457,459,0.0535,0.1625,0.0408,0
454,460,0.0605,0.229,0.062,0
458,459,0.00994,0.0378,0.00986,0
459,460,0.014,0.0547,0.01434,0
459,461,0.053,0.183,0.0472,0
459,462,0.0261,0.0703,0.01844,0
460,461,0.053,0.183,0.0472,0
462,463,0.0105,0.0288,0.0076,0
457,464,0.03906,0.1813,0.0461,0
463,464,0.0278,0.0762,0.0202,0
464,465,0.022,0.0755,0.02,0
464,466,0.0247,0.064,0.062,0
371,467,0.00913,0.0301,0.00768,0
386,467,0.0615,0.203,0.0518,0
386,468,0.0135,0.0612,0.01628,0
381,469,0.0164,0.0741,0.01972,0
468,469,0.0023,0.0104,0.00276,0
422,470,0.00034,0.00405,0.164,1
366,471,0.0329,0.14,0.0358,0
429,472,0.0145,0.0481,0.01198,0
430,472,0.0164,0.0544,0.01356,0
473,474,0.0303,0.0999,0.0254,0
473,475,0.0129,0.0424,0.01082,0
476,477,0.00176,0.00798,0.0021,0
475,477,0.0241,0.108,0.0284,0
477,478,0.0119,0.054,0.01426,0
478,479,0.00459,0.0208,0.0055,0
480,481,0.00244,0.0305,1.162,0
480,477,0,0.0267,0,0.985
481,482,0.00258,0.0322,1.23,0
476,483,0.0209,0.0688,0.01748,0
477,483,0.0203,0.0682,0.01738,0
483,484,0.00595,0.0196,0.00502,0
474,484,0.0187,0.0616,0.01572,0
475,484,0.0484,0.16,0.0406,0
479,484,0.00862,0.034,0.00874,0
483,485,0.02225,0.0731,0.01876,0
484,486,0.0215,0.0707,0.01816,0
485,487,0.0744,0.2444,0.06268,0
486,487,0.0595,0.195,0.0502,0
484,488,0.0212,0.0834,0.0214,0
487,489,0.0132,0.0437,0.0444,0
488,489,0.0454,0.1801,0.0466,0
489,490,0.0123,0.0505,0.01298,0
490,491,0.01119,0.0493,0.01142,0
491,492,0.0252,0.117,0.0298,0
487,491,0.012,0.0394,0.0101,0
492,493,0.0183,0.0849,0.0216,0
493,494,0.0209,0.097,0.0246,0
494,495,0.0342,0.159,0.0404,0
495,496,0.0135,0.0492,0.0498,0
495,497,0.0156,0.08,0.0864,0
498,497,0,0.0382,0,0.96
497,499,0.0318,0.163,0.1764,0
499,500,0.01913,0.0855,0.0216,0
500,501,0.0237,0.0943,0.0238,0
502,489,0,0.0388,0,0.96
480,502,0.00431,0.0504,0.514,0
498,502,0.00799,0.086,0.908,0
489,503,0.0474,0.1563,0.0399,0
501,503,0.0108,0.0331,0.0083,0
495,504,0.0317,0.1153,0.1173,0
503,504,0.0298,0.0985,0.0251,0
499,504,0.0229,0.0755,0.01926,0
487,505,0.038,0.1244,0.03194,0
491,506,0.0752,0.247,0.0632,0
507,508,0.00224,0.0102,0.00268,0
507,509,0.011,0.0497,0.01318,0
505,509,0.0415,0.142,0.0366,0
506,508,0.00871,0.0268,0.00568,0
506,509,0.00256,0.0094,0.00984,0
510,509,0,0.0375,0,0.935
509,511,0.0321,0.106,0.027,0
509,512,0.0593,0.168,0.042,0
502,510,0.00464,0.054,0.422,0
511,512,0.0184,0.0605,0.01552,0
512,513,0.0145,0.0487,0.01222,0
512,514,0.0555,0.183,0.0466,0
513,514,0.041,0.135,0.0344,0
515,516,0.0608,0.2454,0.06068,0
506,515,0.0413,0.1681,0.04226,0
516,517,0.0224,0.0901,0.0224,0
517,518,0.04,0.1356,0.0332,0
518,519,0.038,0.127,0.0316,0
518,520,0.0601,0.189,0.0472,0
519,521,0.0191,0.0625,0.01604,0
514,521,0.0715,0.323,0.086,0
514,521,0.0715,0.323,0.086,0
517,521,0.0684,0.186,0.0444,0
520,521,0.0179,0.0505,0.01258,0
521,522,0.0267,0.0752,0.01874,0
521,523,0.0486,0.137,0.0342,0
523,524,0.0203,0.0588,0.01396,0
524,525,0.0405,0.1635,0.04058,0
525,526,0.0263,0.122,0.031,0
521,526,0.073,0.289,0.0738,0
521,526,0.0869,0.291,0.073,0
526,527,0.0169,0.0707,0.0202,0
526,528,0.00275,0.00955,0.00732,0
527,528,0.00488,0.0151,0.00374,0
528,529,0.0343,0.0966,0.0242,0
522,529,0.0474,0.134,0.0332,0
528,530,0.0343,0.0966,0.0242,0
523,530,0.0255,0.0719,0.01788,0
526,531,0.0503,0.2293,0.0598,0
528,531,0.0825,0.251,0.0569,0
528,531,0.0803,0.239,0.0536,0
527,531,0.04739,0.2158,0.05646,0
531,532,0.0317,0.145,0.0376,0
531,533,0.0328,0.15,0.0388,0
532,533,0.00264,0.0135,0.01456,0
532,534,0.0123,0.0561,0.01468,0
533,534,0.00824,0.0376,0.0098,0
535,531,0,0.0386,0,0.96
535,536,0.00172,0.02,0.216,0
536,533,0,0.0268,0,0.985
510,537,0.00901,0.0986,1.046,0
536,537,0.00269,0.0302,0.38,0
521,538,0.018,0.0919,0.0248,0
521,538,0.018,0.0919,0.0248,0
534,538,0.0482,0.218,0.0578,0
534,539,0.0258,0.117,0.031,0
537,538,0,0.037,0,0.935
538,539,0.0224,0.1015,0.02682,0
537,540,0.00138,0.016,0.638,0
519,541,0.0844,0.2778,0.07092,0
521,541,0.0985,0.324,0.0828,0
540,541,0,0.037,0,0.935
541,542,0.03,0.127,0.122,0
496,542,0.00221,0.4115,0.10198,0
542,543,0.00882,0.0355,0.00878,0
496,544,0.0488,0.196,0.0488,0
543,544,0.0446,0.18,0.04444,0
543,545,0.00866,0.0454,0.01178,0
542,546,0.0401,0.1323,0.03368,0
542,547,0.0428,0.141,0.036,0
541,547,0.0405,0.122,0.124,0
546,547,0.0123,0.0406,0.01034,0
548,549,0.0444,0.148,0.0368,0
541,549,0.0309,0.101,0.1038,0
547,549,0.0601,0.1999,0.04978,0
549,550,0.00376,0.0124,0.01264,0
550,551,0.00546,0.0244,0.00648,0
549,552,0.017,0.0485,0.0472,0
549,552,0.0294,0.105,0.0228,0
551,552,0.0156,0.0704,0.0187,0
540,553,0.00175,0.0202,0.808,0
553,552,0,0.037,0,0.935
549,554,0.0298,0.0853,0.08174,0
554,555,0.0112,0.03665,0.03796,0
555,556,0.0625,0.132,0.0258,0
555,557,0.043,0.148,0.0348,0
556,557,0.0302,0.0641,0.01234,0
557,558,0.035,0.123,0.0276,0
558,559,0.02828,0.2074,0.0445,1
557,560,0.02,0.102,0.0276,0
557,561,0.0239,0.173,0.047,0
560,561,0.0139,0.0712,0.01934,0
561,562,0.0518,0.188,0.0528,0
561,562,0.0238,0.0997,0.106,0
562,563,0.0254,0.0836,0.0214,0
561,564,0.0099,0.0505,0.0548,0
561,564,0.0393,0.1581,0.0414,0
563,564,0.0387,0.1272,0.03268,0
564,565,0.0258,0.0848,0.0218,0
564,566,0.0481,0.158,0.0406,0
565,566,0.0223,0.0732,0.01876,0
566,567,0.0132,0.0434,0.0111,0
552,568,0.0356,0.182,0.0494,0
554,568,0.0162,0.053,0.0544,0
566,568,0.0269,0.0869,0.023,0
552,569,0.0183,0.0934,0.0254,0
552,570,0.0238,0.108,0.0286,0
552,571,0.0454,0.206,0.0546,0
564,572,0.0648,0.295,0.0472,0
566,572,0.0178,0.058,0.0604,0
567,568,0.0171,0.0547,0.01474,0
568,569,0.0173,0.0885,0.024,0
570,572,0.0397,0.179,0.0476,0
571,572,0.018,0.0813,0.0216,0
572,573,0.0277,0.1262,0.0328,0
564,574,0.0123,0.0559,0.01464,0
573,574,0.0246,0.112,0.0294,0
572,575,0.016,0.0525,0.0536,0
572,576,0.0451,0.204,0.0541,0
575,576,0.0466,0.1584,0.0407,0
575,577,0.0535,0.1625,0.0408,0
572,578,0.0605,0.229,0.062,0
576,577,0.00994,0.0378,0.00986,0
577,578,0.014,0.0547,0.01434,0
577,579,0.053,0.183,0.0472,0
577,580,0.0261,0.0703,0.01844,0
578,579,0.053,0.183,0.0472,0
580,581,0.0105,0.0288,0.0076,0
575,582,0.03906,0.1813,0.0461,0
581,582,0.0278,0.0762,0.0202,0
582,583,0.022,0.0755,0.02,0
582,584,0.0247,0.064,0.062,0
489,585,0.00913,0.0301,0.00768,0
504,585,0.0615,0.203,0.0518,0
504,586,0.0135,0.0612,0.01628,0
499,587,0.0164,0.0741,0.01972,0
586,587,0.0023,0.0104,0.00276,0
540,588,0.00034,0.00405,0.164,1
484,589,0.0329,0.14,0.0358,0
547,590,0.0145,0.0481,0.01198,0
548,590,0.0164,0.0544,0.01356,0
591,592,0.0303,0.0999,0.0254,0
591,593,0.0129,0.0424,0.01082,0
594,595,0.00176,0.00798,0.0021,0
593,595,0.0241,0.108,0.0284,0
595,596,0.0119,0.054,0.01426,0
596,597,0.00459,0.0208,0.0055,0
598,599,0.00244,0.0305,1.162,0
598,595,0,0.0267,0,0.985
599,600,0.00258,0.0322,1.23,0
594,601,0.0209,0.0688,0.01748,0
595,601,0.0203,0.0682,0.01738,0
601,602,0.00595,0.0196,0.00502,0
592,602,0.0187,0.0616,0.01572,0
593,602,0.0484,0.16,0.0406,0
597,602,0.00862,0.034,0.00874,0
601,603,0.02225,0.0731,0.01876,0
602,604,0.0215,0.0707,0.01816,0
603,605,0.0744,0.2444,0.06268,0
604,605,0.0595,0.195,0.0502,0
602,606,0.0212,0.0834,0.0214,0
605,607,0.0132,0.0437,0.0444,0
606,607,0.0454,0.1801,0.0466,0
607,608,0.0123,0.0505,0.01298,0
608,609,0.01119,0.0493,0.01142,0
609,610,0.0252,0.117,0.0298,0
605,609,0.012,0.0394,0.0101,0
610,611,0.0183,0.0849,0.0216,0
611,612,0.0209,0.097,0.0246,0
612,613,0.0342,0.159,0.0404,0
613,614,0.0135,0.0492,0.0498,0
613,615,0.0156,0.08,0.0864,0
616,615,0,0.0382,0,0.96
615,617,0.0318,0.163,0.1764,0
617,618,0.01913,0.0855,0.0216,0
618,619,0.0237,0.0943,0.0238,0
620,607,0,0.0388,0,0.96
598,620,0.00431,0.0504,0.514,0
616,620,0.00799,0.086,0.908,0
607,621,0.0474,0.1563,0.0399,0
619,621,0.0108,0.0331,0.0083,0
613,622,0.0317,0.1153,0.1173,0
621,622,0.0298,0.0985,0.0251,0
617,622,0.0229,0.0755,0.01926,0
605,623,0.038,0.1244,0.03194,0
609,624,0.0752,0.247,0.0632,0
625,626,0.00224,0.0102,0.00268,0
625,627,0.011,0.0497,0.01318,0
623,627,0.0415,0.142,0.0366,0
624,626,0.00871,0.0268,0.00568,0
624,627,0.00256,0.0094,0.00984,0
628,627,0,0.0375,0,0.935
627,629,0.0321,0.106,0.027,0
627,630,0.0593,0.168,0.042,0
620,628,0.00464,0.054,0.422,0
629,630,0.0184,0.0605,0.01552,0
630,631,0.0145,0.0487,0.01222,0
630,632,0.0555,0.183,0.0466,0
631,632,0.041,0.135,0.0344,0
633,634,0.0608,0.2454,0.06068,0
624,633,0.0413,0.1681,0.04226,0
634,635,0.0224,0.0901,0.0224,0
635,636,0.04,0.1356,0.0332,0
636,637,0.038,0.127,0.0316,0
636,638,0.0601,0.189,0.0472,0
637,639,0.0191,0.0625,0.01604,0
632,639,0.0715,0.323,0.086,0
632,639,0.0715,0.323,0.086,0
635,639,0.0684,0.186,0.0444,0
638,639,0.0179,0.0505,0.01258,0
639,640,0.0267,0.0752,0.01874,0
639,641,0.0486,0.137,0.0342,0
641,642,0.0203,0.0588,0.01396,0
642,643,0.0405,0.1635,0.04058,0
643,644,0.0263,0.122,0.031,0
639,644,0.073,0.289,0.0738,0
639,644,0.0869,0.291,0.073,0
644,645,0.0169,0.0707,0.0202,0
644,646,0.00275,0.00955,0.00732,0
645,646,0.00488,0.0151,0.00374,0
646,647,0.0343,0.0966,0.0242,0
640,647,0.0474,0.134,0.0332,0
646,648,0.0343,0.0966,0.0242,0
641,648,0.0255,0.0719,0.01788,0
644,649,0.0503,0.2293,0.0598,0
646,649,0.0825,0.251,0.0569,0
646,649,0.0803,0.239,0.0536,0
645,649,0.04739,0.2158,0.05646,0
649,650,0.0317,0.145,0.0376,0
649,651,0.0328,0.15,0.0388,0
650,651,0.00264,0.0135,0.01456,0
650,652,0.0123,0.0561,0.01468,0
651,652,0.00824,0.0376,0.0098,0
653,649,0,0.0386,0,0.96
653,654,0.00172,0.02,0.216,0
654,651,0,0.0268,0,0.985
628,655,0.00901,0.0986,1.046,0
654,655,0.00269,0.0302,0.38,0
639,656,0.018,0.0919,0.0248,0
639,656,0.018,0.0919,0.0248,0
652,656,0.0482,0.218,0.0578,0
652,657,0.0258,0.117,0.031,0
655,656,0,0.037,0,0.935
656,657,0.0224,0.1015,0.02682,0
655,658,0.00138,0.016,0.638,0
637,659,0.0844,0.2778,0.07092,0
639,659,0.0985,0.324,0.0828,0
658,659,0,0.037,0,0.935
659,660,0.03,0.127,0.122,0
614,660,0.00221,0.4115,0.10198,0
660,661,0.00882,0.0355,0.00878,0
614,662,0.0488,0.196,0.0488,0
661,662,0.0446,0.18,0.04444,0
661,663,0.00866,0.0454,0.01178,0
660,664,0.0401,0.1323,0.03368,0
660,665,0.0428,0.141,0.036,0
659,665,0.0405,0.122,0.124,0
664,665,0.0123,0.0406,0.01034,0
666,667,0.0444,0.148,0.0368,0
659,667,0.0309,0.101,0.1038,0
665,667,0.0601,0.1999,0.04978,0
667,668,0.00376,0.0124,0.01264,0
668,669,0.00546,0.0244,0.00648,0
667,670,0.017,0.0485,0.0472,0
667,670,0.0294,0.105,0.0228,0
669,670,0.0156,0.0704,0.0187,0
658,671,0.00175,0.0202,0.808,0
671,670,0,0.037,0,0.935
667,672,0.0298,0.0853,0.08174,0
672,673,0.0112,0.03665,0.03796,0
673,674,0.0625,0.132,0.0258,0
673,675,0.043,0.148,0.0348,0
674,675,0.0302,0.0641,0.01234,0
675,676,0.035,0.123,0.0276,0
676,677,0.02828,0.2074,0.0445,1
675,678,0.02,0.102,0.0276,0
675,679,0.0239,0.173,0.047,0
678,679,0.0139,0.0712,0.01934,0
679,680,0.0518,0.188,0.0528,0
679,680,0.0238,0.0997,0.106,0
680,681,0.0254,0.0836,0.0214,0
679,682,0.0099,0.0505,0.0548,0
679,682,0.0393,0.1581,0.0414,0
681,682,0.0387,0.1272,0.03268,0
682,683,0.0258,0.0848,0.0218,0
682,684,0.0481,0.158,0.0406,0
683,684,0.0223,0.0732,0.01876,0
684,685,0.0132,0.0434,0.0111,0
670,686,0.0356,0.182,0.0494,0
672,686,0.0162,0.053,0.0544,0
684,686,0.0269,0.0869,0.023,0
670,687,0.0183,0.0934,0.0254,0
670,688,0.0238,0.108,0.0286,0
670,689,0.0454,0.206,0.0546,0
682,690,0.0648,0.295,0.0472,0
684,690,0.0178,0.058,0.0604,0
685,686,0.0171,0.0547,0.01474,0
686,687,0.0173,0.0885,0.024,0
688,690,0.0397,0.179,0.0476,0
689,690,0.018,0.0813,0.0216,0
690,691,0.0277,0.1262,0.0328,0
682,692,0.0123,0.0559,0.01464,0
691,692,0.0246,0.112,0.0294,0
690,693,0.016,0.0525,0.0536,0
690,694,0.0451,0.204,0.0541,0
693,694,0.0466,0.1584,0.0407,0
693,695,0.0535,0.1625,0.0408,0
690,696,0.0605,0.229,0.062,0
694,695,0.00994,0.0378,0.00986,0
695,696,0.014,0.0547,0.01434,0
695,697,0.053,0.183,0.0472,0
695,698,0.0261,0.0703,0.01844,0
696,697,0.053,0.183,0.0472,0
698,699,0.0105,0.0288,0.0076,0
693,700,0.03906,0.1813,0.0461,0
699,700,0.0278,0.0762,0.0202,0
700,701,0.022,0.0755,0.02,0
700,702,0.0247,0.064,0.062,0
607,703,0.00913,0.0301,0.00768,0
622,703,0.0615,0.203,0.0518,0
622,704,0.0135,0.0612,0.01628,0
617,705,0.0164,0.0741,0.01972,0
704,705,0.0023,0.0104,0.00276,0
658,706,0.00034,0.00405,0.164,1
602,707,0.0329,0.14,0.0358,0
665,708,0.0145,0.0481,0.01198,0
666,708,0.0164,0.0544,0.01356,0
709,710,0.0303,0.0999,0.0254,0
709,711,0.0129,0.0424,0.01082,0
712,713,0.00176,0.00798,0.0021,0
711,713,0.0241,0.108,0.0284,0
713,714,0.0119,0.054,0.01426,0
714,715,0.00459,0.0208,0.0055,0
716,717,0.00244,0.0305,1.162,0
716,713,0,0.0267,0,0.985
717,718,0.00258,0.0322,1.23,0
712,719,0.0209,0.0688,0.01748,0
713,719,0.0203,0.0682,0.01738,0
719,720,0.00595,0.0196,0.00502,0
710,720,0.0187,0.0616,0.01572,0
711,720,0.0484,0.16,0.0406,0
715,720,0.00862,0.034,0.00874,0
719,721,0.02225,0.0731,0.01876,0
720,722,0.0215,0.0707,0.01816,0
721,723,0.0744,0.2444,0.06268,0
722,723,0.0595,0.195,0.0502,0
720,724,0.0212,0.0834,0.0214,0
723,725,0.0132,0.0437,0.0444,0
724,725,0.0454,0.1801,0.0466,0
725,726,0.0123,0.0505,0.01298,0
726,727,0.01119,0.0493,0.01142,0
727,728,0.0252,0.117,0.0298,0
723,727,0.012,0.0394,0.0101,0
728,729,0.0183,0.0849,0.0216,0
729,730,0.0209,0.097,0.0246,0
730,731,0.0342,0.159,0.0404,0
731,732,0.0135,0.0492,0.0498,0
731,733,0.0156,0.08,0.0864,0
734,733,0,0.0382,0,0.96
733,735,0.0318,0.163,0.1764,0
735,736,0.01913,0.0855,0.0216,0
736,737,0.0237,0.0943,0.0238,0
738,725,0,0.0388,0,0.96
716,738,0.00431,0.0504,0.514,0
734,738,0.00799,0.086,0.908,0
725,739,0.0474,0.1563,0.0399,0
737,739,0.0108,0.0331,0.0083,0
731,740,0.0317,0.1153,0.1173,0
739,740,0.0298,0.0985,0.0251,0
735,740,0.0229,0.0755,0.01926,0
723,741,0.038,0.1244,0.03194,0
727,742,0.0752,0.247,0.0632,0
743,744,0.00224,0.0102,0.00268,0
743,745,0.011,0.0497,0.01318,0
741,745,0.0415,0.142,0.0366,0
742,744,0.00871,0.0268,0.00568,0
742,745,0.00256,0.0094,0.00984,0
746,745,0,0.0375,0,0.935
745,747,0.0321,0.106,0.027,0
745,748,0.0593,0.168,0.042,0
738,746,0.00464,0.054,0.422,0
747,748,0.0184,0.0605,0.01552,0
748,749,0.0145,0.0487,0.01222,0
748,750,0.0555,0.183,0.0466,0
749,750,0.041,0.135,0.0344,0
751,752,0.0608,0.2454,0.06068,0
742,751,0.0413,0.1681,0.04226,0
752,753,0.0224,0.0901,0.0224,0
753,754,0.04,0.1356,0.0332,0
754,755,0.038,0.127,0.0316,0
754,756,0.0601,0.189,0.0472,0
755,757,0.0191,0.0625,0.01604,0
750,757,0.0715,0.323,0.086,0
750,757,0.0715,0.323,0.086,0
753,757,0.0684,0.186,0.0444,0
756,757,0.0179,0.0505,0.01258,0
757,758,0.0267,0.0752,0.01874,0
757,759,0.0486,0.137,0.0342,0
759,760,0.0203,0.0588,0.01396,0
760,761,0.0405,0.1635,0.04058,0
761,762,0.0263,0.122,0.031,0
757,762,0.073,0.289,0.0738,0
757,762,0.0869,0.291,0.073,0
762,763,0.0169,0.0707,0.0202,0
762,764,0.00275,0.00955,0.00732,0
763,764,0.00488,0.0151,0.00374,0
764,765,0.0343,0.0966,0.0242,0
758,765,0.0474,0.134,0.0332,0
764,766,0.0343,0.0966,0.0242,0
759,766,0.0255,0.0719,0.01788,0
762,767,0.0503,0.2293,0.0598,0
764,767,0.0825,0.251,0.0569,0
764,767,0.0803,0.239,0.0536,0
763,767,0.04739,0.2158,0.05646,0
767,768,0.0317,0.145,0.0376,0
767,769,0.0328,0.15,0.0388,0
768,769,0.00264,0.0135,0.01456,0
768,770,0.0123,0.0561,0.01468,0
769,770,0.00824,0.0376,0.0098,0
771,767,0,0.0386,0,0.96
771,772,0.00172,0.02,0.216,0
772,769,0,0.0268,0,0.985
746,773,0.00901,0.0986,1.046,0
772,773,0.00269,0.0302,0.38,0
757,774,0.018,0.0919,0.0248,0
757,774,0.018,0.0919,0.0248,0
770,774,0.0482,0.218,0.0578,0
770,775,0.0258,0.117,0.031,0
773,774,0,0.037,0,0.935
774,775,0.0224,0.1015,0.02682,0
773,776,0.00138,0.016,0.638,0
755,777,0.0844,0.2778,0.07092,0
757,777,0.0985,0.324,0.0828,0
776,777,0,0.037,0,0.935
777,778,0.03,0.127,0.122,0
732,778,0.00221,0.4115,0.10198,0
778,779,0.00882,0.0355,0.00878,0
732,780,0.0488,0.196,0.0488,0
779,780,0.0446,0.18,0.04444,0
779,781,0.00866,0.0454,0.01178,0
778,782,0.0401,0.1323,0.03368,0
778,783,0.0428,0.141,0.036,0
777,783,0.0405,0.122,0.124,0
782,783,0.0123,0.0406,0.01034,0
784,785,0.0444,0.148,0.0368,0
777,785,0.0309,0.101,0.1038,0
783,785,0.0601,0.1999,0.04978,0
785,786,0.00376,0.0124,0.01264,0
786,787,0.00546,0.0244,0.00648,0
785,788,0.017,0.0485,0.0472,0
785,788,0.0294,0.105,0.0228,0
787,788,0.0156,0.0704,0.0187,0
776,789,0.00175,0.0202,0.808,0
789,788,0,0.037,0,0.935
785,790,0.0298,0.0853,0.08174,0
790,791,0.0112,0.03665,0.03796,0
791,792,0.0625,0.132,0.0258,0
791,793,0.043,0.148,0.0348,0
792,793,0.0302,0.0641,0.01234,0
793,794,0.035,0.123,0.0276,0
794,795,0.02828,0.2074,0.0445,1
793,796,0.02,0.102,0.0276,0
793,797,0.0239,0.173,0.047,0
796,797,0.0139,0.0712,0.01934,0
797,798,0.0518,0.188,0.0528,0
797,798,0.0238,0.0997,0.106,0
798,799,0.0254,0.0836,0.0214,0
797,800,0.0099,0.0505,0.0548,0
797,800,0.0393,0.1581,0.0414,0
799,800,0.0387,0.1272,0.03268,0
800,801,0.0258,0.0848,0.0218,0
800,802,0.0481,0.158,0.0406,0
801,802,0.0223,0.0732,0.01876,0
802,803,0.0132,0.0434,0.0111,0
788,804,0.0356,0.182,0.0494,0
790,804,0.0162,0.053,0.0544,0
802,804,0.0269,0.0869,0.023,0
788,805,0.0183,0.0934,0.0254,0
788,806,0.0238,0.108,0.0286,0
788,807,0.0454,0.206,0.0546,0
800,808,0.0648,0.295,0.0472,0
802,808,0.0178,0.058,0.0604,0
803,804,0.0171,0.0547,0.01474,0
804,805,0.0173,0.0885,0.024,0
806,808,0.0397,0.179,0.0476,0
807,808,0.018,0.0813,0.0216,0
808,809,0.0277,0.1262,0.0328,0
800,810,0.0123,0.0559,0.01464,0
809,810,0.0246,0.112,0.0294,0
808,811,0.016,0.0525,0.0536,0
808,812,0.0451,0.204,0.0541,0
811,812,0.0466,0.1584,0.0407,0
811,813,0.0535,0.1625,0.0408,0
808,814,0.0605,0.229,0.062,0
812,813,0.00994,0.0378,0.00986,0
813,814,0.014,0.0547,0.01434,0
813,815,0.053,0.183,0.0472,0
813,816,0.0261,0.0703,0.01844,0
814,815,0.053,0.183,0.0472,0
816,817,0.0105,0.0288,0.0076,0
811,818,0.03906,0.1813,0.0461,0
817,818,0.0278,0.0762,0.0202,0
818,819,0.022,0.0755,0.02,0
818,820,0.0247,0.064,0.062,0
725,821,0.00913,0.0301,0.00768,0
740,821,0.0615,0.203,0.0518,0
740,822,0.0135,0.0612,0.01628,0
735,823,0.0164,0.0741,0.01972,0
822,823,0.0023,0.0104,0.00276,0
776,824,0.00034,0.00405,0.164,1
720,825,0.0329,0.14,0.0358,0
783,826,0.0145,0.0481,0.01198,0
784,826,0.0164,0.0544,0.01356,0
827,828,0.0303,0.0999,0.0254,0
827,829,0.0129,0.0424,0.01082,0
830,831,0.00176,0.00798,0.0021,0
829,831,0.0241,0.108,0.0284,0
831,832,0.0119,0.054,0.01426,0
832,833,0.00459,0.0208,0.0055,0
834,835,0.00244,0.0305,1.162,0
834,831,0,0.0267,0,0.985
835,836,0.00258,0.0322,1.23,0
830,837,0.0209,0.0688,0.01748,0
831,837,0.0203,0.0682,0.01738,0
837,838,0.00595,0.0196,0.00502,0
828,838,0.0187,0.0616,0.01572,0
829,838,0.0484,0.16,0.0406,0
833,838,0.00862,0.034,0.00874,0
837,839,0.02225,0.0731,0.01876,0
838,840,0.0215,0.0707,0.01816,0
839,841,0.0744,0.2444,0.06268,0
840,841,0.0595,0.195,0.0502,0
838,842,0.0212,0.0834,0.0214,0
841,843,0.0132,0.0437,0.0444,0
842,843,0.0454,0.1801,0.0466,0
843,844,0.0123,0.0505,0.01298,0
844,845,0.01119,0.0493,0.01142,0
845,846,0.0252,0.117,0.0298,0
841,845,0.012,0.0394,0.0101,0
846,847,0.0183,0.0849,0.0216,0
847,848,0.0209,0.097,0.0246,0
848,849,0.0342,0.159,0.0404,0
849,850,0.0135,0.0492,0.0498,0
849,851,0.0156,0.08,0.0864,0
852,851,0,0.0382,0,0.96
851,853,0.0318,0.163,0.1764,0
853,854,0.01913,0.0855,0.0216,0
854,855,0.0237,0.0943,0.0238,0
856,843,0,0.0388,0,0.96
834,856,0.00431,0.0504,0.514,0
852,856,0.00799,0.086,0.908,0
843,857,0.0474,0.1563,0.0399,0
855,857,0.0108,0.0331,0.0083,0
849,858,0.0317,0.1153,0.1173,0
857,858,0.0298,0.0985,0.0251,0
853,858,0.0229,0.0755,0.01926,0
841,859,0.038,0.1244,0.03194,0
845,860,0.0752,0.247,0.0632,0
861,862,0.00224,0.0102,0.00268,0
861,863,0.011,0.0497,0.01318,0
859,863,0.0415,0.142,0.0366,0
860,862,0.00871,0.0268,0.00568,0
860,863,0.00256,0.0094,0.00984,0
864,863,0,0.0375,0,0.935
863,865,0.0321,0.106,0.027,0
863,866,0.0593,0.168,0.042,0
856,864,0.00464,0.054,0.422,0
865,866,0.0184,0.0605,0.01552,0
866,867,0.0145,0.0487,0.01222,0
866,868,0.0555,0.183,0.0466,0
867,868,0.041,0.135,0.0344,0
869,870,0.0608,0.2454,0.06068,0
860,869,0.0413,0.1681,0.04226,0
870,871,0.0224,0.0901,0.0224,0
871,872,0.04,0.1356,0.0332,0
872,873,0.038,0.127,0.0316,0
872,874,0.0601,0.189,0.0472,0
873,875,0.0191,0.0625,0.01604,0
868,875,0.0715,0.323,0.086,0
868,875,0.0715,0.323,0.086,0
871,875,0.0684,0.186,0.0444,0
874,875,0.0179,0.0505,0.01258,0
875,876,0.0267,0.0752,0.01874,0
875,877,0.0486,0.137,0.0342,0
877,878,0.0203,0.0588,0.01396,0
878,879,0.0405,0.1635,0.04058,0
879,880,0.0263,0.122,0.031,0
875,880,0.073,0.289,0.0738,0
875,880,0.0869,0.291,0.073,0
880,881,0.0169,0.0707,0.0202,0
880,882,0.00275,0.00955,0.00732,0
881,882,0.00488,0.0151,0.00374,0
882,883,0.0343,0.0966,0.0242,0
876,883,0.0474,0.134,0.0332,0
882,884,0.0343,0.0966,0.0242,0
877,884,0.0255,0.0719,0.01788,0
880,885,0.0503,0.2293,0.0598,0
882,885,0.0825,0.251,0.0569,0
882,885,0.0803,0.239,0.0536,0
881,885,0.04739,0.2158,0.05646,0
885,886,0.0317,0.145,0.0376,0
885,887,0.0328,0.15,0.0388,0
886,887,0.00264,0.0135,0.01456,0
886,888,0.0123,0.0561,0.01468,0
887,888,0.00824,0.0376,0.0098,0
889,885,0,0.0386,0,0.96
889,890,0.00172,0.02,0.216,0
890,887,0,0.0268,0,0.985
864,891,0.00901,0.0986,1.046,0
890,891,0.00269,0.0302,0.38,0
875,892,0.018,0.0919,0.0248,0
875,892,0.018,0.0919,0.0248,0
888,892,0.0482,0.218,0.0578,0
888,893,0.0258,0.117,0.031,0
891,892,0,0.037,0,0.935
892,893,0.0224,0.1015,0.02682,0
891,894,0.00138,0.016,0.638,0
873,895,0.0844,0.2778,0.07092,0
875,895,0.0985,0.324,0.0828,0
894,895,0,0.037,0,0.935
895,896,0.03,0.127,0.122,0
850,896,0.00221,0.4115,0.10198,0
896,897,0.00882,0.0355,0.00878,0
850,898,0.0488,0.196,0.0488,0
897,898,0.0446,0.18,0.04444,0
897,899,0.00866,0.0454,0.01178,0
896,900,0.0401,0.1323,0.03368,0
896,901,0.0428,0.141,0.036,0
895,901,0.0405,0.122,0.124,0
900,901,0.0123,0.0406,0.01034,0
902,903,0.0444,0.148,0.0368,0
895,903,0.0309,0.101,0.1038,0
901,903,0.0601,0.1999,0.04978,0
903,904,0.00376,0.0124,0.01264,0
904,905,0.00546,0.0244,0.00648,0
903,906,0.017,0.0485,0.0472,0
903,906,0.0294,0.105,0.0228,0
905,906,0.0156,0.0704,0.0187,0
894,907,0.00175,0.0202,0.808,0
907,906,0,0.037,0,0.935
903,908,0.0298,0.0853,0.08174,0
908,909,0.0112,0.03665,0.03796,0
909,910,0.0625,0.132,0.0258,0
909,911,0.043,0.148,0.0348,0
910,911,0.0302,0.0641,0.01234,0
911,912,0.035,0.123,0.0276,0
912,913,0.02828,0.2074,0.0445,1
911,914,0.02,0.102,0.0276,0
911,915,0.0239,0.173,0.047,0
914,915,0.0139,0.0712,0.01934,0
915,916,0.0518,0.188,0.0528,0
915,916,0.0238,0.0997,0.106,0
916,917,0.0254,0.0836,0.0214,0
915,918,0.0099,0.0505,0.0548,0
915,918,0.0393,0.1581,0.0414,0
917,918,0.0387,0.1272,0.03268,0
918,919,0.0258,0.0848,0.0218,0
918,920,0.0481,0.158,0.0406,0
919,920,0.0223,0.0732,0.01876,0
920,921,0.0132,0.0434,0.0111,0
906,922,0.0356,0.182,0.0494,0
908,922,0.0162,0.053,0.0544,0
920,922,0.0269,0.0869,0.023,0
906,923,0.0183,0.0934,0.0254,0
906,924,0.0238,0.108,0.0286,0
906,925,0.0454,0.206,0.0546,0
918,926,0.0648,0.295,0.0472,0
920,926,0.0178,0.058,0.0604,0
921,922,0.0171,0.0547,0.01474,0
922,923,0.0173,0.0885,0.024,0
924,926,0.0397,0.179,0.0476,0
925,926,0.018,0.0813,0.0216,0
926,927,0.0277,0.1262,0.0328,0
918,928,0.0123,0.0559,0.01464,0
927,928,0.0246,0.112,0.0294,0
926,929,0.016,0.0525,0.0536,0
926,930,0.0451,0.204,0.0541,0
929,930,0.0466,0.1584,0.0407,0
929,931,0.0535,0.1625,0.0408,0
926,932,0.0605,0.229,0.062,0
930,931,0.00994,0.0378,0.00986,0
931,932,0.014,0.0547,0.01434,0
931,933,0.053,0.183,0.0472,0
931,934,0.0261,0.0703,0.01844,0
932,933,0.053,0.183,0.0472,0
934,935,0.0105,0.0288,0.0076,0
929,936,0.03906,0.1813,0.0461,0
935,936,0.0278,0.0762,0.0202,0
936,937,0.022,0.0755,0.02,0
936,938,0.0247,0.064,0.062,0
843,939,0.00913,0.0301,0.00768,0
858,939,0.0615,0.203,0.0518,0
858,940,0.0135,0.0612,0.01628,0
853,941,0.0164,0.0741,0.01972,0
940,941,0.0023,0.0104,0.00276,0
894,942,0.00034,0.00405,0.164,1
838,943,0.0329,0.14,0.0358,0
901,944,0.0145,0.0481,0.01198,0
902,944,0.0164,0.0544,0.01356,0
945,946,0.0303,0.0999,0.0254,0
945,947,0.0129,0.0424,0.01082,0
948,949,0.00176,0.00798,0.0021,0
947,949,0.0241,0.108,0.0284,0
949,950,0.0119,0.054,0.01426,0
950,951,0.00459,0.0208,0.0055,0
952,953,0.00244,0.0305,1.162,0
952,949,0,0.0267,0,0.985
953,954,0.00258,0.0322,1.23,0
948,955,0.0209,0.0688,0.01748,0
949,955,0.0203,0.0682,0.01738,0
955,956,0.00595,0.0196,0.00502,0
946,956,0.0187,0.0616,0.01572,0
947,956,0.0484,0.16,0.0406,0
951,956,0.00862,0.034,0.00874,0
955,957,0.02225,0.0731,0.01876,0
956,958,0.0215,0.0707,0.01816,0
957,959,0.0744,0.2444,0.06268,0
958,959,0.0595,0.195,0.0502,0
956,960,0.0212,0.0834,0.0214,0
959,961,0.0132,0.0437,0.0444,0
960,961,0.0454,0.1801,0.0466,0
961,962,0.0123,0.0505,0.01298,0
962,963,0.01119,0.0493,0.01142,0
963,964,0.0252,0.117,0.0298,0
959,963,0.012,0.0394,0.0101,0
964,965,0.0183,0.0849,0.0216,0
965,966,0.0209,0.097,0.0246,0
966,967,0.0342,0.159,0.0404,0
967,968,0.0135,0.0492,0.0498,0
967,969,0.0156,0.08,0.0864,0
970,969,0,0.0382,0,0.96
969,971,0.0318,0.163,0.1764,0
971,972,0.01913,0.0855,0.0216,0
972,973,0.0237,0.0943,0.0238,0
974,961,0,0.0388,0,0.96
952,974,0.00431,0.0504,0.514,0
970,974,0.00799,0.086,0.908,0
961,975,0.0474,0.1563,0.0399,0
973,975,0.0108,0.0331,0.0083,0
967,976,0.0317,0.1153,0.1173,0
975,976,0.0298,0.0985,0.0251,0
971,976,0.0229,0.0755,0.01926,0
959,977,0.038,0.1244,0.03194,0
963,978,0.0752,0.247,0.0632,0
979,980,0.00224,0.0102,0.00268,0
979,981,0.011,0.0497,0.01318,0
977,981,0.0415,0.142,0.0366,0
978,980,0.00871,0.0268,0.00568,0
978,981,0.00256,0.0094,0.00984,0
982,981,0,0.0375,0,0.935
981,983,0.0321,0.106,0.027,0
981,984,0.0593,0.168,0.042,0
974,982,0.00464,0.054,0.422,0
983,984,0.0184,0.0605,0.01552,0
984,985,0.0145,0.0487,0.01222,0
984,986,0.0555,0.183,0.0466,0
985,986,0.041,0.135,0.0344,0
987,988,0.0608,0.2454,0.06068,0
978,987,0.0413,0.1681,0.04226,0
988,989,0.0224,0.0901,0.0224,0
989,990,0.04,0.1356,0.0332,0
990,991,0.038,0.127,0.0316,0
990,992,0.0601,0.189,0.0472,0
991,993,0.0191,0.0625,0.01604,0
986,993,0.0715,0.323,0.086,0
986,993,0.0715,0.323,0.086,0
989,993,0.0684,0.186,0.0444,0
992,993,0.0179,0.0505,0.01258,0
993,994,0.0267,0.0752,0.01874,0
993,995,0.0486,0.137,0.0342,0
995,996,0.0203,0.0588,0.01396,0
996,997,0.0405,0.1635,0.04058,0
997,998,0.0263,0.122,0.031,0
993,998,0.073,0.289,0.0738,0
993,998,0.0869,0.291,0.073,0
998,999,0.0169,0.0707,0.0202,0
998,1000,0.00275,0.00955,0.00732,0
999,1000,0.00488,0.0151,0.00374,0
1000,1001,0.0343,0.0966,0.0242,0
994,1001,0.0474,0.134,0.0332,0
1000,1002,0.0343,0.0966,0.0242,0
995,1002,0.0255,0.0719,0.01788,0
998,1003,0.0503,0.2293,0.0598,0
1000,1003,0.0825,0.251,0.0569,0
1000,1003,0.0803,0.239,0.0536,0
999,1003,0.04739,0.2158,0.05646,0
1003,1004,0.0317,0.145,0.0376,0
1003,1005,0.0328,0.15,0.0388,0
1004,1005,0.00264,0.0135,0.01456,0
1004,1006,0.0123,0.0561,0.01468,0
1005,1006,0.00824,0.0376,0.0098,0
1007,1003,0,0.0386,0,0.96
1007,1008,0.00172,0.02,0.216,0
1008,1005,0,0.0268,0,0.985
982,1009,0.00901,0.0986,1.046,0
1008,1009,0.00269,0.0302,0.38,0
993,1010,0.018,0.0919,0.0248,0
993,1010,0.018,0.0919,0.0248,0
1006,1010,0.0482,0.218,0.0578,0
1006,1011,0.0258,0.117,0.031,0
1009,1010,0,0.037,0,0.935
1010,1011,0.0224,0.1015,0.02682,0
1009,1012,0.00138,0.016,0.638,0
991,1013,0.0844,0.2778,0.07092,0
993,1013,0.0985,0.324,0.0828,0
1012,1013,0,0.037,0,0.935
1013,1014,0.03,0.127,0.122,0
968,1014,0.00221,0.4115,0.10198,0
1014,1015,0.00882,0.0355,0.00878,0
968,1016,0.0488,0.196,0.0488,0
1015,1016,0.0446,0.18,0.04444,0
1015,1017,0.00866,0.0454,0.01178,0
1014,1018,0.0401,0.1323,0.03368,0
1014,1019,0.0428,0.141,0.036,0
1013,1019,0.0405,0.122,0.124,0
1018,1019,0.0123,0.0406,0.01034,0
1020,1021,0.0444,0.148,0.0368,0
1013,1021,0.0309,0.101,0.1038,0
1019,1021,0.0601,0.1999,0.04978,0
1021,1022,0.00376,0.0124,0.01264,0
1022,1023,0.00546,0.0244,0.00648,0
1021,1024,0.017,0.0485,0.0472,0
1021,1024,0.0294,0.105,0.0228,0
1023,1024,0.0156,0.0704,0.0187,0
1012,1025,0.00175,0.0202,0.808,0
1025,1024,0,0.037,0,0.935
1021,1026,0.0298,0.0853,0.08174,0
1026,1027,0.0112,0.03665,0.03796,0
1027,1028,0.0625,0.132,0.0258,0
1027,1029,0.043,0.148,0.0348,0
1028,1029,0.0302,0.0641,0.01234,0
1029,1030,0.035,0.123,0.0276,0
1030,1031,0.02828,0.2074,0.0445,1
1029,1032,0.02,0.102,0.0276,0
1029,1033,0.0239,0.173,0.047,0
1032,1033,0.0139,0.0712,0.01934,0
1033,1034,0.0518,0.188,0.0528,0
1033,1034,0.0238,0.0997,0.106,0
1034,1035,0.0254,0.0836,0.0214,0
1033,1036,0.0099,0.0505,0.0548,0
1033,1036,0.0393,0.1581,0.0414,0
1035,1036,0.0387,0.1272,0.03268,0
1036,1037,0.0258,0.0848,0.0218,0
1036,1038,0.0481,0.158,0.0406,0
1037,1038,0.0223,0.0732,0.01876,0
1038,1039,0.0132,0.0434,0.0111,0
1024,1040,0.0356,0.182,0.0494,0
1026,1040,0.0162,0.053,0.0544,0
1038,1040,0.0269,0.0869,0.023,0
1024,1041,0.0183,0.0934,0.0254,0
1024,1042,0.0238,0.108,0.0286,0
1024,1043,0.0454,0.206,0.0546,0
1036,1044,0.0648,0.295,0.0472,0
1038,1044,0.0178,0.058,0.0604,0
1039,1040,0.0171,0.0547,0.01474,0
1040,1041,0.0173,0.0885,0.024,0
1042,1044,0.0397,0.179,0.0476,0
1043,1044,0.018,0.0813,0.0216,0
1044,1045,0.0277,0.1262,0.0328,0
1036,1046,0.0123,0.0559,0.01464,0
1045,1046,0.0246,0.112,0.0294,0
1044,1047,0.016,0.0525,0.0536,0
1044,1048,0.0451,0.204,0.0541,0
1047,1048,0.0466,0.1584,0.0407,0
1047,1049,0.0535,0.1625,0.0408,0
1044,1050,0.0605,0.229,0.062,0
1048,1049,0.00994,0.0378,0.00986,0
1049,1050,0.014,0.0547,0.01434,0
1049,1051,0.053,0.183,0.0472,0
1049,1052,0.0261,0.0703,0.01844,0
1050,1051,0.053,0.183,0.0472,0
1052,1053,0.0105,0.0288,0.0076,0
1047,1054,0.03906,0.1813,0.0461,0
1053,1054,0.0278,0.0762,0.0202,0
1054,1055,0.022,0.0755,0.02,0
1054,1056,0.0247,0.064,0.062,0
961,1057,0.00913,0.0301,0.00768,0
976,1057,0.0615,0.203,0.0518,0
976,1058,0.0135,0.0612,0.01628,0
971,1059,0.0164,0.0741,0.01972,0
1058,1059,0.0023,0.0104,0.00276,0
1012,1060,0.00034,0.00405,0.164,1
956,1061,0.0329,0.14,0.0358,0
1019,1062,0.0145,0.0481,0.01198,0
1020,1062,0.0164,0.0544,0.01356,0
69,423,0,0.0576,0,0
423,541,0.017,0.092,0.158,0
541,659,0.039,0.17,0.358,0
305,659,0,0.0586,0,0
659,777,0.0119,0.1008,0.209,0
777,895,0.0085,0.072,0.149,0
895,187,0,0.0625,0,0
895,1013,0.032,0.161,0.306,0
1013,423,0.01,0.085,0.176,0
